,strategy,benchmark
2025-07-19 00:00:00+00:00,100000.0,100000.0
2025-07-20 00:00:00+00:00,100000.0,99925.99299507927
2025-07-21 00:00:00+00:00,100000.0,99379.58101745351
2025-07-22 00:00:00+00:00,100000.0,99570.74210653758
2025-07-23 00:00:00+00:00,100000.0,101666.9773885208
2025-07-24 00:00:00+00:00,100000.0,100542.51627372751
2025-07-25 00:00:00+00:00,100000.0,100309.7650586958
2025-07-26 00:00:00+00:00,100000.0,99620.18622384139
2025-07-27 00:00:00+00:00,100000.0,99975.07876645411
2025-07-28 00:00:00+00:00,100000.0,101211.95031189204
2025-07-29 00:00:00+00:00,100000.0,100012.16670877115
2025-07-30 00:00:00+00:00,100000.0,99885.04201471663
2025-07-31 00:00:00+00:00,100000.0,99868.03360058152
2025-08-01 00:00:00+00:00,100000.0,98060.03505371099
2025-08-02 00:00:00+00:00,100000.0,95970.51957370088
2025-08-03 00:00:00+00:00,100000.0,95394.44627918348
2025-08-04 00:00:00+00:00,100000.0,96787.9728671812
2025-08-05 00:00:00+00:00,100000.0,97584.29870346878
2025-08-06 00:00:00+00:00,100000.0,96728.00489746625
2025-08-07 00:00:00+00:00,100000.0,97485.48405539496
2025-08-08 00:00:00+00:00,100000.0,99554.64291473971
2025-08-09 00:00:00+00:00,100000.0,98897.71029432502
2025-08-10 00:00:00+00:00,100000.0,98746.60910663487
2025-08-11 00:00:00+00:00,100000.0,101083.13410755128
2025-08-12 00:00:00+00:00,100000.0,100665.19194074714
2025-08-13 00:00:00+00:00,100000.0,101876.09795105827
2025-08-14 00:00:00+00:00,100000.0,104722.51609127504
2025-08-15 00:00:00+00:00,100000.0,100353.12558127739
2025-08-16 00:00:00+00:00,100000.0,99449.81732536296
2025-08-17 00:00:00+00:00,100000.0,99586.63067645008
2025-08-18 00:00:00+00:00,100000.0,99621.90545855036
2025-08-19 00:00:00+00:00,100000.0,98531.61340412023
2025-08-20 00:00:00+00:00,100000.0,95583.82208064252
2025-08-21 00:00:00+00:00,100000.0,96833.13632432005
2025-08-22 00:00:00+00:00,100000.0,95275.36525265701
2025-08-23 00:00:00+00:00,100000.0,99021.35141013382
2025-08-24 00:00:00+00:00,100000.0,97771.85638809863
2025-08-25 00:00:00+00:00,100000.0,96110.31515923799
2025-08-26 00:00:00+00:00,100000.0,93386.16673215842
2025-08-27 00:00:00+00:00,100000.0,94790.83691587867
2025-08-28 00:00:00+00:00,100000.0,94259.74886557006
2025-08-29 00:00:00+00:00,100000.0,95369.60927847054
2025-08-30 00:00:00+00:00,100000.0,91941.075627356
2025-08-31 00:00:00+00:00,100000.0,92196.73568826994
2025-09-01 00:00:00+00:00,100000.0,91748.7307094705
2025-09-02 00:00:00+00:00,100000.0,92519.41701689732
2025-09-03 00:00:00+00:00,100000.0,94237.7953702858
2025-09-04 00:00:00+00:00,100000.0,94679.64835196175
2025-09-05 00:00:00+00:00,100000.0,93843.31289188018
2025-09-06 00:00:00+00:00,100000.0,93790.29500081508
2025-09-07 00:00:00+00:00,100000.0,93406.36725640408
2025-09-08 00:00:00+00:00,100000.0,94188.47743562474
2025-09-09 00:00:00+00:00,100000.0,94945.44359198646
2025-09-10 00:00:00+00:00,100000.0,94540.58429759946
2025-09-11 00:00:00+00:00,100000.0,96598.30699060204
2025-09-12 00:00:00+00:00,100000.0,97893.2094206113
2025-09-13 00:00:00+00:00,100000.0,98450.02159047809
2025-09-14 00:00:00+00:00,100000.0,98289.36369250939
2025-09-15 00:00:00+00:00,100000.0,97783.3592382442
2025-09-16 00:00:00+00:00,100000.0,97803.44346569151
2025-09-17 00:00:00+00:00,100000.0,98960.83744027972
2025-09-18 00:00:00+00:00,100000.0,98700.72561379596
2025-09-19 00:00:00+00:00,100000.0,99285.14358418783
2025-09-20 00:00:00+00:00,100000.0,98022.58071921517
2025-09-21 00:00:00+00:00,100000.0,98073.1828350084
2025-09-22 00:00:00+00:00,100000.0,97724.81514003641
2025-09-23 00:00:00+00:00,100000.0,95514.65982370194
2025-09-24 00:00:00+00:00,100000.0,94942.93242237269
2025-09-25 00:00:00+00:00,100000.0,96043.37720446705
2025-09-26 00:00:00+00:00,100000.0,92350.62540579277
2025-09-27 00:00:00+00:00,100000.0,92983.46316895245
2025-09-28 00:00:00+00:00,100000.0,92936.51085901527
2025-09-29 00:00:00+00:00,100000.0,95044.98244683602
2025-09-30 00:00:00+00:00,100000.0,96881.23647340559
2025-10-01 00:00:00+00:00,100000.0,96639.75404323165
2025-10-02 00:00:00+00:00,100000.0,100435.8864856352
2025-10-03 00:00:00+00:00,100000.0,102222.89675934963
2025-10-04 00:00:00+00:00,100000.0,103611.52916866617
2025-10-05 00:00:00+00:00,100000.0,103722.37448081105
2025-10-06 00:00:00+00:00,100000.0,104676.06391329148
2025-10-07 00:00:00+00:00,100000.0,105750.16709541867
2025-10-08 00:00:00+00:00,100000.0,102991.64404088326
2025-10-09 00:00:00+00:00,100000.0,104545.8141488727
2025-10-10 00:00:00+00:00,100000.0,103143.58601267872
2025-10-11 00:00:00+00:00,100000.0,95942.66569936393
2025-10-12 00:00:00+00:00,100000.0,93952.11991576164
2025-10-13 00:00:00+00:00,100000.0,97627.42590688152
2025-10-14 00:00:00+00:00,100000.0,97655.15016272903
2025-10-15 00:00:00+00:00,100000.0,95904.38143257072
2025-10-16 00:00:00+00:00,100000.0,93829.69571065373
2025-10-17 00:00:00+00:00,100000.0,91599.02829365314
2025-10-18 00:00:00+00:00,100000.0,90214.90146064962
2025-10-19 00:00:00+00:00,100000.0,90818.67956604876
2025-10-20 00:00:00+00:00,100000.0,92060.43273244023
2025-10-21 00:00:00+00:00,100000.0,93744.85885230862
2025-10-22 00:00:00+00:00,100000.0,91945.98791866594
2025-10-23 00:00:00+00:00,100000.0,91210.60042661564
2025-10-24 00:00:00+00:00,100000.0,93270.19301599315
2025-10-25 00:00:00+00:00,100000.0,94074.74812507503
2025-10-26 00:00:00+00:00,100000.0,94602.34415804387
2025-10-27 00:00:00+00:00,100000.0,97022.65807995148
2025-10-28 00:00:00+00:00,100000.0,96774.14510025561
2025-10-29 00:00:00+00:00,100000.0,95729.60166587304
2025-10-30 00:00:00+00:00,100000.0,93268.62590772066
2025-10-31 00:00:00+00:00,100000.0,91738.05544118711
2025-11-01 00:00:00+00:00,100000.0,92867.94116942407
2025-11-02 00:00:00+00:00,100000.0,93241.0524005938
2025-11-03 00:00:00+00:00,100000.0,93780.14841987593
2025-11-04 00:00:00+00:00,100000.0,90280.56421179246
2025-11-05 00:00:00+00:00,100000.0,86139.65707220019
2025-11-06 00:00:00+00:00,100000.0,88040.4161692233
2025-11-07 00:00:00+00:00,100000.0,85874.68841451778
2025-11-08 00:00:00+00:00,100000.0,87632.00889266863
2025-11-09 00:00:00+00:00,100000.0,86694.67781138947
2025-11-10 00:00:00+00:00,100000.0,88745.32877389016
2025-11-11 00:00:00+00:00,100000.0,89761.85967849081
2025-11-12 00:00:00+00:00,100000.0,87263.06876454735
2025-11-13 00:00:00+00:00,100000.0,86043.40616784252
2025-11-14 00:00:00+00:00,100000.0,84525.25107801729
2025-11-15 00:00:00+00:00,100000.0,80055.29023570624
2025-11-16 00:00:00+00:00,100000.0,80946.82842335316
2025-11-17 00:00:00+00:00,99939.995,80017.09664909895
2025-11-18 00:00:00+00:00,97593.41328594285,78004.53188367565
2025-11-19 00:00:00+00:00,100322.51873568926,78668.1819396429
2025-11-20 00:00:00+00:00,96308.53826988615,77433.76052179353
2025-11-21 00:00:00+00:00,93285.58992714448,73439.05937241361
2025-11-22 00:00:00+00:00,89402.46691360539,72084.55058567398
2025-11-23 00:00:00+00:00,89402.46691360539,71771.65887121968
2025-11-24 00:00:00+00:00,89402.46691360539,73552.52346631458
2025-11-25 00:00:00+00:00,89402.46691360539,74777.64647987658
2025-11-26 00:00:00+00:00,89402.46691360539,73998.73808732875
2025-11-27 00:00:00+00:00,89348.8209633339,76680.25637371856
2025-11-28 00:00:00+00:00,89717.23340760668,77362.38280585955
2025-11-29 00:00:00+00:00,88931.00211824942,77083.81127691416
2025-11-30 00:00:00+00:00,87548.12607820652,76991.4938350937
2025-12-01 00:00:00+00:00,87952.80152205062,76622.67276447575
2025-12-02 00:00:00+00:00,82908.68584455895,73126.7611513581
2025-12-03 00:00:00+00:00,87844.10076627274,77418.04240924194
2025-12-04 00:00:00+00:00,92412.74222358291,79345.9388956153
2025-12-05 00:00:00+00:00,90197.05165206891,78092.657675411
2025-12-06 00:00:00+00:00,88537.81054064914,75691.06605737194
2025-12-07 00:00:00+00:00,89196.4390061706,75638.23952955693
2025-12-08 00:00:00+00:00,89459.11032998595,76416.40145469502
2025-12-09 00:00:00+00:00,89913.43011205405,76802.15486069895
2025-12-10 00:00:00+00:00,90114.13890085866,78586.35605928862
2025-12-11 00:00:00+00:00,89613.0248684015,77977.75958348025
2025-12-12 00:00:00+00:00,88681.08657939464,78392.238889159
2025-12-13 00:00:00+00:00,88681.08657939464,76538.7460892663
2025-12-14 00:00:00+00:00,88681.08657939464,76496.51247458791
2025-12-15 00:00:00+00:00,88681.08657939464,74778.84717411252
2025-12-16 00:00:00+00:00,88681.08657939464,73238.99524239839
2025-12-17 00:00:00+00:00,88681.08657939464,74432.30208305451
2025-12-18 00:00:00+00:00,88681.08657939464,72943.22867499695
2025-12-19 00:00:00+00:00,88681.08657939464,72422.31889598069
2025-12-20 00:00:00+00:00,88681.08657939464,74671.28342337307
2025-12-21 00:00:00+00:00,88681.08657939464,74878.15224914964
2025-12-22 00:00:00+00:00,88681.08657939464,75072.64273697449
2025-12-23 00:00:00+00:00,88681.08657939464,74999.50014339972
2025-12-24 00:00:00+00:00,88681.08657939464,74080.19043571255
2025-12-25 00:00:00+00:00,88681.08657939464,74280.35538381674
2025-12-26 00:00:00+00:00,88681.08657939464,73930.46818435415
2025-12-27 00:00:00+00:00,88681.08657939464,73995.03007906619
2025-12-28 00:00:00+00:00,88681.08657939464,74419.6856636867
2025-12-29 00:00:00+00:00,88681.08657939464,74433.1658077555
2025-12-30 00:00:00+00:00,88681.08657939464,73868.41321955404
2025-12-31 00:00:00+00:00,88681.08657939464,74934.67064087199
2026-01-01 00:00:00+00:00,88681.08657939464,74176.59278803768
2026-01-02 00:00:00+00:00,88681.08657939464,75199.98488484674
2026-01-03 00:00:00+00:00,88681.08657939464,76215.85055796576
2026-01-04 00:00:00+00:00,88681.08657939464,76781.64523725979
2026-01-05 00:00:00+00:00,88681.08657939464,77442.18291595274
2026-01-06 00:00:00+00:00,88681.08657939464,79606.43629739371
2026-01-07 00:00:00+00:00,88681.08657939464,79386.13449555985
2026-01-08 00:00:00+00:00,88681.08657939464,77343.81739610879
2026-01-09 00:00:00+00:00,88681.08657939464,77111.89765556128
2026-01-10 00:00:00+00:00,88681.08657939464,76706.24933710656
2026-01-11 00:00:00+00:00,88681.08657939464,76652.95915466294
2026-01-12 00:00:00+00:00,88681.08657939464,76972.77463001308
2026-01-13 00:00:00+00:00,88681.08657939464,77240.26001694845
2026-01-14 00:00:00+00:00,88681.08657939464,80736.75120100235
2026-01-15 00:00:00+00:00,88681.08657939464,82217.68525576302
2026-01-16 00:00:00+00:00,88681.08657939464,81011.68007435031
2026-01-17 00:00:00+00:00,88681.08657939464,80953.41168492143
2026-01-18 00:00:00+00:00,88681.08657939464,80600.37370452505
2026-01-19 00:00:00+00:00,88681.08657939464,79458.88868243966
2026-01-20 00:00:00+00:00,88681.08657939464,78446.72401606751
2026-01-21 00:00:00+00:00,88681.08657939464,74848.40151899846
2026-01-22 00:00:00+00:00,88681.08657939464,75731.11407147448
2026-01-23 00:00:00+00:00,88681.08657939464,75806.59035029582
2026-01-24 00:00:00+00:00,88681.08657939464,75780.31759948355
2026-01-25 00:00:00+00:00,88681.08657939464,75575.61634476029
2026-01-26 00:00:00+00:00,88681.08657939464,73352.90685781391
2026-01-27 00:00:00+00:00,88681.08657939464,74844.18135630242
2026-01-28 00:00:00+00:00,88681.08657939464,75603.88064584837
2026-01-29 00:00:00+00:00,88681.08657939464,75568.17782631003
2026-01-30 00:00:00+00:00,88681.08657939464,71676.55230970746
2026-01-31 00:00:00+00:00,88681.08657939464,71313.27210094534
2026-02-01 00:00:00+00:00,88681.08657939464,66723.07938811199
2026-02-02 00:00:00+00:00,88681.08657939464,65207.00985503458
2026-02-03 00:00:00+00:00,88681.08657939464,66758.50610883672
2026-02-04 00:00:00+00:00,88681.08657939464,64106.81581041367
2026-02-05 00:00:00+00:00,88681.08657939464,62016.22619186615
2026-02-06 00:00:00+00:00,88681.08657939464,53270.829320823446
2026-02-07 00:00:00+00:00,88681.08657939464,59771.6618174514
2026-02-08 00:00:00+00:00,88681.08657939464,58731.60897207456
2026-02-09 00:00:00+00:00,88681.08657939464,59787.27270711884
2026-02-10 00:00:00+00:00,88681.08657939464,59409.29969812456
2026-02-11 00:00:00+00:00,88681.08657939464,58293.51966323677
2026-02-12 00:00:00+00:00,88681.08657939464,56732.07814392079
2026-02-13 00:00:00+00:00,88681.08657939464,56093.879585251096
2026-02-14 00:00:00+00:00,88681.08657939464,58343.4947618282
2026-02-15 00:00:00+00:00,88681.08657939464,59128.92552419519
2026-02-16 00:00:00+00:00,88681.08657939464,58239.84816295796
2026-02-17 00:00:00+00:00,88681.08657939464,58401.89737742699
2026-02-18 00:00:00+00:00,88681.08657939464,57199.811780667784
2026-02-19 00:00:00+00:00,88681.08657939464,56324.21989685838
2026-02-20 00:00:00+00:00,88681.08657939464,56716.06203610665
2026-02-21 00:00:00+00:00,88681.08657939464,57607.34031815075
2026-02-22 00:00:00+00:00,88681.08657939464,57613.79432157668
2026-02-23 00:00:00+00:00,88681.08657939464,57280.888686108876
2026-02-24 00:00:00+00:00,88681.08657939464,54731.86687157615
2026-02-25 00:00:00+00:00,88681.08657939464,54305.18095759064
2026-02-26 00:00:00+00:00,88681.08657939464,57587.92987663806
2026-02-27 00:00:00+00:00,88681.08657939464,57182.52626368574
2026-02-28 00:00:00+00:00,88681.08657939464,55839.12123635524
2026-03-01 00:00:00+00:00,88681.08657939464,56792.14558913298
2026-03-02 00:00:00+00:00,88681.08657939464,55694.62297775591
2026-03-03 00:00:00+00:00,88681.08657939464,58364.82050021047
2026-03-04 00:00:00+00:00,88681.08657939464,57905.10025845414
2026-03-05 00:00:00+00:00,88681.08657939464,61590.32030698566
2026-03-06 00:00:00+00:00,88681.08657939464,60069.17502612564
2026-03-07 00:00:00+00:00,88681.08657939464,57758.1928966298
2026-03-08 00:00:00+00:00,88681.08657939464,57014.824431286004
2026-03-09 00:00:00+00:00,88681.08657939464,55968.08828420244
2026-03-10 00:00:00+00:00,88681.08657939464,58021.80400608827
2026-03-11 00:00:00+00:00,88681.08657939464,59228.43695377809
2026-03-12 00:00:00+00:00,88681.08657939464,59519.82858381688
2026-03-13 00:00:00+00:00,88681.08657939464,59789.01190391554
2026-03-14 00:00:00+00:00,88681.08657939464,60145.70373256043
2026-03-15 00:00:00+00:00,88681.08657939464,60359.129438557975
2026-03-16 00:00:00+00:00,88681.08657939464,61600.612024144204
2026-03-17 00:00:00+00:00,88681.08657939464,63445.05212552989
2026-03-18 00:00:00+00:00,88681.08657939464,62655.25805076243
2026-03-19 00:00:00+00:00,88681.08657939464,60391.98207041792
2026-03-20 00:00:00+00:00,88681.08657939464,59218.641632677594
2026-03-21 00:00:00+00:00,88681.08657939464,59795.96166125095
2026-03-22 00:00:00+00:00,88681.08657939464,58254.22613666299
2026-03-23 00:00:00+00:00,88681.08657939464,57504.43409128256
2026-03-24 00:00:00+00:00,88681.08657939464,60084.296246417594
2026-03-25 00:00:00+00:00,88681.08657939464,59772.134394829016
2026-03-26 00:00:00+00:00,88681.08657939464,60437.24100138134
2026-03-27 00:00:00+00:00,88681.08657939464,58303.01303158262
2026-03-28 00:00:00+00:00,88681.08657939464,56209.516339318034
2026-03-29 00:00:00+00:00,88681.08657939464,56209.558001852405
2026-03-30 00:00:00+00:00,88681.08657939464,55912.380668902624
2026-03-31 00:00:00+00:00,88681.08657939464,56530.10410362222
2026-04-01 00:00:00+00:00,88681.08657939464,57829.002139904806
2026-04-02 00:00:00+00:00,88681.08657939464,57707.99495929498
2026-04-03 00:00:00+00:00,88681.08657939464,56693.16191981422
2026-04-04 00:00:00+00:00,88681.08657939464,56733.86628224521
2026-04-05 00:00:00+00:00,88681.08657939464,57042.842969951016
2026-04-06 00:00:00+00:00,88681.08657939464,58467.78735533979
2026-04-07 00:00:00+00:00,88681.08657939464,58364.98798063435
2026-04-08 00:00:00+00:00,88681.08657939464,61002.00379556362
2026-04-09 00:00:00+00:00,88681.08657939464,60274.355485483386
2026-04-10 00:00:00+00:00,88681.08657939464,60828.36476730412
2026-04-11 00:00:00+00:00,88681.08657939464,61847.07153577781
2026-04-12 00:00:00+00:00,88681.08657939464,61915.87446315061
2026-04-13 00:00:00+00:00,88681.08657939464,59968.96579486816
2026-04-14 00:00:00+00:00,88681.08657939464,63153.907366446445
2026-04-15 00:00:00+00:00,88681.08657939464,62871.23512998225
2026-04-16 00:00:00+00:00,88681.08657939464,63424.166855866824
2026-04-17 00:00:00+00:00,88681.08657939464,63691.722961583786
2026-04-18 00:00:00+00:00,88681.08657939464,65369.21088119482
2026-04-19 00:00:00+00:00,88681.08657939464,64182.670471455116
2026-04-20 00:00:00+00:00,88681.08657939464,62595.740630999935
2026-04-21 00:00:00+00:00,88681.08657939464,64306.486710235666
2026-04-22 00:00:00+00:00,88681.08657939464,64709.664930557934
2026-04-23 00:00:00+00:00,88681.08657939464,66272.97350523066
2026-04-24 00:00:00+00:00,88681.08657939464,66328.77248765624
2026-04-25 00:00:00+00:00,88681.08657939464,65637.33115630179
2026-04-26 00:00:00+00:00,88681.08657939464,65785.09632139906
2026-04-27 00:00:00+00:00,88681.08657939464,66654.6552353139
2026-04-28 00:00:00+00:00,88681.08657939464,65566.56475918819
2026-04-29 00:00:00+00:00,88681.08657939464,64705.40451557342
2026-04-30 00:00:00+00:00,88681.08657939464,64222.02051797632
2026-05-01 00:00:00+00:00,88681.08657939464,64655.698079348316
2026-05-02 00:00:00+00:00,88681.08657939464,66253.7266791379
2026-05-03 00:00:00+00:00,88681.08657939464,66663.31702262632
2026-05-04 00:00:00+00:00,88681.08657939464,66584.66979472117
2026-05-05 00:00:00+00:00,88681.08657939464,67653.69793496463
2026-05-06 00:00:00+00:00,88627.87349339268,68587.01256036968
2026-05-07 00:00:00+00:00,88702.57234622538,69010.6975883058
2026-05-08 00:00:00+00:00,86820.35405907614,67821.6422180044
2026-05-09 00:00:00+00:00,87205.70298904717,67963.20105920461
2026-05-10 00:00:00+00:00,87842.19237126538,68377.62030879679
2026-05-11 00:00:00+00:00,89406.4158997973,69621.48438790234
2026-05-12 00:00:00+00:00,89144.67914803054,69265.13884662141
2026-05-13 00:00:00+00:00,86944.10422571437,68210.53013012931
2026-05-14 00:00:00+00:00,85291.67561234423,67190.87403772412
2026-05-15 00:00:00+00:00,86560.85299091859,68694.55588246092
2026-05-16 00:00:00+00:00,84176.72296579239,67013.75212598899
2026-05-17 00:00:00+00:00,82618.37355271527,66222.31333585897
2026-05-18 00:00:00+00:00,81362.72664958453,65621.1597726439
2026-05-19 00:00:00+00:00,81004.8880144267,65219.85071306563
2026-05-20 00:00:00+00:00,80596.02279899362,65098.31025452293
2026-05-21 00:00:00+00:00,81415.72169577639,65650.17024766118
2026-05-22 00:00:00+00:00,81858.38261637338,65723.39177379287
2026-05-23 00:00:00+00:00,79964.05630831954,63974.233134692404
2026-05-24 00:00:00+00:00,81278.30100149338,64983.03025074466
2026-05-25 00:00:00+00:00,81181.83466242252,65250.31661906373
2026-05-26 00:00:00+00:00,81715.80474596871,65492.9158361005
2026-05-27 00:00:00+00:00,80407.92955749328,64263.70052599029
2026-05-28 00:00:00+00:00,78954.28579569966,63016.66503050636
2026-05-29 00:00:00+00:00,78042.47555672955,62327.738307216845
2026-05-30 00:00:00+00:00,78244.48236390702,62194.570255230225
2026-05-31 00:00:00+00:00,81574.67186757461,62506.76014207976
2026-06-01 00:00:00+00:00,80944.21955893816,62373.106371335656
2026-06-02 00:00:00+00:00,79506.33222322611,60480.51723711975
2026-06-03 00:00:00+00:00,74181.98472288954,56488.21988390425
2026-06-04 00:00:00+00:00,71469.73154728544,54260.9210263917
2026-06-05 00:00:00+00:00,70176.58604949633,54069.6872089008
2026-06-06 00:00:00+00:00,70176.58604949633,51633.47597185697
2026-06-07 00:00:00+00:00,70176.58604949633,51582.696396403095
2026-06-08 00:00:00+00:00,70176.58604949633,53610.591457402676
2026-06-09 00:00:00+00:00,70176.58604949633,53461.31335914426
2026-06-10 00:00:00+00:00,70176.58604949633,52257.70188220468
2026-06-11 00:00:00+00:00,70176.58604949633,52117.182277218686
2026-06-12 00:00:00+00:00,70176.58604949633,53862.92756860205
2026-06-13 00:00:00+00:00,70176.58604949633,53850.58584776991
2026-06-14 00:00:00+00:00,70176.58604949633,54562.37937555236
2026-06-15 00:00:00+00:00,70176.58604949633,55694.728556541675
2026-06-16 00:00:00+00:00,70176.58604949633,56192.516690789445
2026-06-17 00:00:00+00:00,70176.58604949633,55597.533355581814
2026-06-18 00:00:00+00:00,70176.58604949633,54600.51597786454
2026-06-19 00:00:00+00:00,70176.58604949633,53310.270904154444
2026-06-20 00:00:00+00:00,70176.58604949633,53830.1768808602
2026-06-21 00:00:00+00:00,70176.58604949633,54445.97532844523
2026-06-22 00:00:00+00:00,70176.58604949633,53591.35019157645
2026-06-23 00:00:00+00:00,70176.58604949633,54206.09085231606
2026-06-24 00:00:00+00:00,70176.58604949633,53099.83394573185
2026-06-25 00:00:00+00:00,70176.58604949633,51622.62810304051
2026-06-26 00:00:00+00:00,70176.58604949633,50608.654250865206
2026-06-27 00:00:00+00:00,70176.58604949633,50836.82271944085
2026-06-28 00:00:00+00:00,70176.58604949633,50804.00535713187
2026-06-29 00:00:00+00:00,70176.58604949633,50523.62592674334
2026-06-30 00:00:00+00:00,70176.58604949633,50987.5135577621
2026-07-01 00:00:00+00:00,70176.58604949633,49623.92618398813
2026-07-02 00:00:00+00:00,70176.58604949633,50835.18618827035
2026-07-03 00:00:00+00:00,70176.58604949633,52112.76205011267
2026-07-04 00:00:00+00:00,70176.58604949633,53002.796132408585
2026-07-05 00:00:00+00:00,70134.47658903732,53474.70417511079
2026-07-06 00:00:00+00:00,69985.40789722854,53857.95190043948
2026-07-07 00:00:00+00:00,70414.66851193609,54303.64543548566
2026-07-08 00:00:00+00:00,69339.19910830128,53692.62927964234
2026-07-09 00:00:00+00:00,66734.47777407453,52758.27277691095
2026-07-10 00:00:00+00:00,66994.00181206333,53581.87140080205
2026-07-11 00:00:00+00:00,66994.00181206333,54311.90140357585
2026-07-12 00:00:00+00:00,66994.00181206333,54151.506842950555
2026-07-13 00:00:00+00:00,66994.00181206333,54027.468535965694
2026-07-14 00:00:00+00:00,66994.00181206333,52752.61333602325
2026-07-15 00:00:00+00:00,66994.00181206333,55070.720586170595
2026-07-16 00:00:00+00:00,66994.00181206333,54854.33997298635
2026-07-17 00:00:00+00:00,66994.00181206333,54063.478683679765
2026-07-18 00:00:00+00:00,66994.00181206333,54900.02591212551
